Repository,Total Components
"telia.no",29
"telia-no-min-side",51
"rapidshop-next",65
"rapidshop",71
"getaccess-minportal-frontend",13
"oneportal-frontend",43
"minbedrift-main",45
"engineering-website",3
"cpa-web",15
"channel-api-goals-guide",11
"cookie-consent-form",0
"rapidshop-b2b-elements-next-",0
"telia-customer-mobile-management-domain-frontend",0
"telia-react-starter",8
"re-css",36
"rapidshop-data",0
"cps-dp-service-broker-frontend",9
"prototype-tom-gui",7
"minportal-frontend",13
"telia-no-purchase",18
"minbedrift-employee-offboarding",5
